{
  "core/validateConfig - valid config object": {
    "mean": 0.0016827829962348239,
    "p99": 0.0034660000000030777
  },
  "core/validateConfig - invalid config object": {
    "mean": 0.010530686211325772,
    "p99": 0.020879000000149972
  },
  "core/validateCommitMessage - valid conventional commit": {
    "mean": 0.00043480749607570325,
    "p99": 0.00048100000003614696
  },
  "core/validateCommitMessage - invalid commit message": {
    "mean": 0.0005534482066620065,
    "p99": 0.0006510000002890592
  },
  "graph/GraphStore - addNode - single node": {
    "mean": 0.0011760504781796373,
    "p99": 0.0026649999999790452
  },
  "graph/GraphStore - findNodes - by type": {
    "mean": 0.0012019010980557077,
    "p99": 0.0017430000000331347
  },
  "graph/ContextQL - execute - depth 2 from module root": {
    "mean": 0.0121325074735508,
    "p99": 0.02271199999995588
  },
  "graph/groupNodesByImpact - categorize ~85 nodes": {
    "mean": 0.004836418366656735,
    "p99": 0.006371999999828404
  }
}
